protocol,speed_mps,pdr_percent,avg_delay_ms,throughput_kbps,packet_loss_percent,network_lifetime_sec,energy_consumed_joules,detection_rate_percent,avg_trust,avg_predicted_trust,network_lifetime_rounds,packets_sent,packets_delivered,packet_loss_count,packets_lost,avg_hop_count,first_node_death_round,malicious_nodes,isolated_nodes,avg_energy_normalized,link_success_probability,total_pt_crev_broadcasts,gossip_messages,pt_gid_broadcasts,drops_buffer_overflow,drops_ttl_expired,drops_no_route,fallback_local_repair,fallback_route_discovery
AODV,10,46.8,357.906,766.771,53.2,4.2,4278.2,0.0,0.0,0.0,42,4000,1872,2128.0,2128,0.0,0.0,0.0,0.0,0.0,0.0,0.0,0.0,0.0,0.0,0.0,0.0,0.0,0.0
AODV,20,51.95,348.508,851.149,48.05,4.2,4603.8,0.0,0.0,0.0,42,4000,2078,1922.0,1922,0.0,0.0,0.0,0.0,0.0,0.0,0.0,0.0,0.0,0.0,0.0,0.0,0.0,0.0
AODV,30,52.175,354.336,854.835,47.825,5.4,4696.8,0.0,0.0,0.0,54,4000,2087,1913.0,1913,0.0,0.0,0.0,0.0,0.0,0.0,0.0,0.0,0.0,0.0,0.0,0.0,0.0,0.0
AODV,40,56.425,329.996,924.467,43.575,5.2,4729.05,0.0,0.0,0.0,52,4000,2257,1743.0,1743,0.0,0.0,0.0,0.0,0.0,0.0,0.0,0.0,0.0,0.0,0.0,0.0,0.0,0.0
ATEAURP,10,74.775,87.987,1225.114,25.225,20.0,1164.27,100.0,0.8634,0.0,200,4000,2991,0.0,1009,3.919,859.0,5.0,5.0,0.7671,0.8875,0.0,0.0,0.0,0.0,0.0,0.0,0.0,0.0
ATEAURP,20,76.6,91.608,1255.014,23.4,20.0,1192.12,100.0,0.8816,0.0,200,4000,3064,0.0,936,3.835,839.0,5.0,5.0,0.7616,0.8668,0.0,0.0,0.0,0.0,0.0,0.0,0.0,0.0
ATEAURP,30,77.5,95.461,1269.76,22.5,20.0,1246.2,100.0,0.8938,0.0,200,4000,3100,0.0,900,3.798,802.0,5.0,5.0,0.7508,0.8433,0.0,0.0,0.0,0.0,0.0,0.0,0.0,0.0
ATEAURP,40,76.725,99.453,1257.062,23.275,20.0,1337.16,100.0,0.8893,0.0,200,4000,3069,0.0,931,3.825,748.0,5.0,5.0,0.7326,0.8133,0.0,0.0,0.0,0.0,0.0,0.0,0.0,0.0
DRL-EAURP,10,62.725,76.646,1027.686,37.275,20.0,2990.525,100.0,0.9315,0.0,200,4000,2509,0.0,1491,3.902,424.0,5.0,5.0,0.4101,0.0,0.0,0.0,0.0,0.0,0.0,0.0,0.0,0.0
DRL-EAURP,20,48.45,76.713,793.805,51.55,20.0,3081.68,100.0,0.9216,0.0,200,4000,1938,0.0,2062,3.873,187.0,5.0,5.0,0.3915,0.0,0.0,0.0,0.0,0.0,0.0,0.0,0.0,0.0
DRL-EAURP,30,64.05,76.996,1049.395,35.95,20.0,3134.98,100.0,0.9438,0.0,200,4000,2562,0.0,1438,4.146,399.0,5.0,5.0,0.373,0.0,0.0,0.0,0.0,0.0,0.0,0.0,0.0,0.0
DRL-EAURP,40,56.975,77.431,933.478,43.025,20.0,3471.48,100.0,0.9457,0.0,200,4000,2279,0.0,1721,4.618,360.0,5.0,5.0,0.3057,0.0,0.0,0.0,0.0,0.0,0.0,0.0,0.0,0.0
EAURP,10,45.75,380.437,749.568,54.25,5.2,4439.7,0.0,0.0,0.0,52,4000,1830,2170.0,2170,0.0,0.0,0.0,0.0,0.0,0.0,0.0,0.0,0.0,0.0,0.0,0.0,0.0,0.0
EAURP,20,54.875,346.515,899.072,45.125,6.8,4814.65,0.0,0.0,0.0,68,4000,2195,1805.0,1805,0.0,0.0,0.0,0.0,0.0,0.0,0.0,0.0,0.0,0.0,0.0,0.0,0.0,0.0
EAURP,30,54.3,358.333,889.651,45.7,7.4,4905.0,0.0,0.0,0.0,74,4000,2172,1828.0,1828,0.0,0.0,0.0,0.0,0.0,0.0,0.0,0.0,0.0,0.0,0.0,0.0,0.0,0.0
EAURP,40,58.975,328.359,966.246,41.025,9.7,4914.65,0.0,0.0,0.0,97,4000,2359,1641.0,1641,0.0,0.0,0.0,0.0,0.0,0.0,0.0,0.0,0.0,0.0,0.0,0.0,0.0,0.0
MADRL-EAURP,10,76.675,476.003,1256.243,21.825,12.7,4879.2,0.0,0.998,0.0,127,4000,3067,873.0,873,4.76,127.0,0.0,0.0,0.0242,0.0,0.0,170603.0,57448.0,0.0,813.0,60.0,14017.0,2167.0
MADRL-EAURP,20,85.075,481.898,1393.869,14.2,11.4,4589.1,0.0,0.996,0.0,114,4000,3403,568.0,568,4.819,114.0,0.0,0.0,0.0822,0.0,0.0,178676.0,60016.0,0.0,545.0,23.0,13495.0,842.0
MADRL-EAURP,30,84.35,468.524,1381.99,13.325,12.9,4455.6,0.0,0.9935,0.0,129,4000,3374,533.0,533,4.685,129.0,0.0,0.0,0.1089,0.0,0.0,197289.0,66338.0,0.0,511.0,22.0,12607.0,1053.0
MADRL-EAURP,40,87.85,460.359,1439.334,11.05,13.3,4229.85,0.0,0.9348,0.0,133,4000,3514,442.0,442,4.604,133.0,0.0,0.0,0.154,0.0,0.0,204519.0,68698.0,1.0,408.0,33.0,11888.0,617.0
PSE-EAURP,10,63.075,74.035,1033.421,36.925,20.0,1171.61,100.0,0.8061,0.8061,200,4000,2523,0.0,1477,3.839,854.0,5.0,5.0,0.7657,0.872,9.0,0.0,0.0,0.0,0.0,0.0,0.0,0.0
PSE-EAURP,20,73.275,75.839,1200.538,26.725,20.0,1157.22,100.0,0.865,0.8651,200,4000,2931,0.0,1069,3.788,864.0,5.0,5.0,0.7686,0.8681,6.0,0.0,0.0,0.0,0.0,0.0,0.0,0.0
PSE-EAURP,30,72.45,77.794,1187.021,27.55,20.0,1249.28,100.0,0.8628,0.8627,200,4000,2898,0.0,1102,3.852,800.0,5.0,5.0,0.7501,0.8395,6.0,0.0,0.0,0.0,0.0,0.0,0.0,0.0
PSE-EAURP,40,75.075,79.678,1230.029,24.925,20.0,1303.28,100.0,0.8789,0.8789,200,4000,3003,0.0,997,3.815,767.0,5.0,5.0,0.7393,0.8185,5.0,0.0,0.0,0.0,0.0,0.0,0.0,0.0
